<?xml version="1.0" encoding="UTF-8" standalone="yes"?>
<addon id="repository.Casanova" name="Casanova Addons Repositorio" version="1.0.0" provider-name="Maximus">
        <extension point="xbmc.addon.repository" name="Casanova Addons Repositorio">
                <info compressed="false">https://raw.githubusercontent.com/xbmex/tv-mundo/master/addons.xml</info>
                <checksum>https://raw.githubusercontent.com/xbmex/tv-mundo/master/addons.xml.md5</checksum>
                <datadir zip="true">https://raw.githubusercontent.com/xbmex/tv-mundo/master/</datadir>
        </extension>
        <extension point="xbmc.addon.metadata">
                <summary>Maximus Addons Repositorio</summary>
                <description>Dj Casanova in The Netherlands for the next generation Latino world</description>
                <platform>all</platform>
        </extension>
</addon>